2026-04-13_16-02-50,0,draft.go:2026-04-13_16-02-50
2026-04-13_16-12-35,0,draft.go:2026-04-13_16-12-35
2026-04-13_16-12-39,---,draft.go:2026-04-13_16-12-35
2026-04-13_16-18-38,0,draft.go:2026-04-13_16-18-38
2026-04-13_16-20-04,0,draft.go:2026-04-13_16-20-04
2026-04-13_16-21-02,0,draft.go:2026-04-13_16-21-02
2026-04-13_16-21-02,100,draft.go:2026-04-13_16-21-02
2026-04-13_16-21-03,100,draft.go:2026-04-13_16-21-03
2026-04-13_16-21-28,0,draft.go:2026-04-13_16-21-28
2026-04-13_16-22-16,100,draft.go:2026-04-13_16-22-16
