2026-06-25_03-31-38,0,draft.go:2026-06-25_03-31-38
2026-06-27_23-33-13,0,draft.go:2026-06-27_23-33-13
2026-06-27_23-35-18,0,draft.go:2026-06-27_23-35-18
2026-06-27_23-38-23,0,draft.go:2026-06-27_23-38-23
2026-06-27_23-39-36,0,draft.go:2026-06-27_23-39-36
2026-06-27_23-41-23,0,draft.go:2026-06-27_23-41-23
2026-06-27_23-41-52,0,draft.go:2026-06-27_23-41-52
2026-06-27_23-42-15,0,draft.go:2026-06-27_23-42-15
2026-06-27_23-42-29,---,draft.go:2026-06-27_23-42-15
2026-06-27_23-43-59,0,draft.go:2026-06-27_23-43-59
2026-06-27_23-44-33,0,draft.go:2026-06-27_23-44-33
2026-06-27_23-45-01,0,draft.go:2026-06-27_23-45-01
2026-06-27_23-45-53,0,draft.go:2026-06-27_23-45-53
2026-06-27_23-46-31,0,draft.go:2026-06-27_23-46-31
2026-06-27_23-46-44,0,draft.go:2026-06-27_23-46-44
2026-06-27_23-47-58,100,draft.go:2026-06-27_23-47-58
