2026-07-05_00-55-52,0,draft.go:2026-07-05_00-55-52
2026-07-05_02-52-09,0,draft.go:2026-07-05_02-52-09
2026-07-05_02-55-04,0,draft.go:2026-07-05_02-55-04
2026-07-05_02-56-42,0,draft.go:2026-07-05_02-56-42
2026-07-05_02-59-17,0,draft.go:2026-07-05_02-59-17
2026-07-05_02-59-36,0,draft.go:2026-07-05_02-59-36
2026-07-09_19-15-37,0,draft.go:2026-07-05_02-59-36
2026-07-10_14-33-14,0,draft.go:2026-07-05_02-59-36
2026-07-10_14-41-28,0,draft.go:2026-07-10_14-41-28
2026-07-10_14-41-48,0,draft.go:2026-07-10_14-41-48
2026-07-10_14-41-56,---,draft.go:2026-07-10_14-41-48
2026-07-10_14-42-17,0,draft.go:2026-07-10_14-42-17
2026-07-10_14-43-43,0,draft.go:2026-07-10_14-43-43
2026-07-10_14-43-51,0,draft.go:2026-07-10_14-43-51
2026-07-10_14-44-18,33,draft.go:2026-07-10_14-44-18
2026-07-10_14-44-41,33,draft.go:2026-07-10_14-44-18
2026-07-10_17-16-49,33,draft.go:2026-07-10_14-44-18
2026-07-10_17-22-47,33,draft.go:2026-07-10_17-22-47
2026-07-10_17-26-55,50,draft.go:2026-07-10_17-26-55
2026-07-10_17-27-50,100,draft.go:2026-07-10_17-27-50
