2026-07-03_16-39-01,0,draft.go:2026-07-03_16-39-01
2026-07-03_16-45-02,28,draft.go:2026-07-03_16-45-02
2026-07-03_16-50-34,28,draft.go:2026-07-03_16-50-34
2026-07-03_16-51-01,28,draft.go:2026-07-03_16-51-01
2026-07-03_16-51-27,28,draft.go:2026-07-03_16-51-27
2026-07-03_16-51-47,28,draft.go:2026-07-03_16-51-47
2026-07-03_16-52-08,71,draft.go:2026-07-03_16-52-08
2026-07-03_16-53-02,71,draft.go:2026-07-03_16-53-02
2026-07-03_17-00-20,0,draft.go:2026-07-03_17-00-20
2026-07-03_17-01-51,0,draft.go:2026-07-03_17-01-51
2026-07-03_17-02-38,0,draft.go:2026-07-03_17-02-38
2026-07-03_17-03-13,0,draft.go:2026-07-03_17-03-13
2026-07-03_17-03-23,0,draft.go:2026-07-03_17-03-23
2026-07-03_17-06-44,0,draft.go:2026-07-03_17-06-44
2026-07-03_17-06-49,---,draft.go:2026-07-03_17-06-44
2026-07-03_17-10-49,0,draft.go:2026-07-03_17-10-49
2026-07-03_17-10-53,0,draft.go:2026-07-03_17-10-49
2026-07-03_17-11-15,0,draft.go:2026-07-03_17-10-49
