2026-03-31_17-30-22,0,draft.go:2026-03-31_17-30-22
2026-03-31_17-30-30,0,draft.go:2026-03-31_17-30-22
2026-03-31_17-35-55,0,draft.go:2026-03-31_17-35-55
2026-03-31_17-37-08,0,draft.go:2026-03-31_17-37-08
2026-03-31_17-37-14,---,draft.go:2026-03-31_17-37-08
2026-03-31_17-38-19,0,draft.go:2026-03-31_17-38-19
2026-03-31_17-39-28,0,draft.go:2026-03-31_17-39-28
2026-03-31_17-41-00,0,draft.go:2026-03-31_17-41-00
2026-03-31_17-50-12,100,draft.go:2026-03-31_17-50-12
2026-03-31_17-50-23,---,draft.go:2026-03-31_17-50-23
