2026-04-06_17-36-06,0,draft.go:2026-04-06_17-36-06
2026-04-06_17-41-44,25,draft.go:2026-04-06_17-41-44
2026-04-06_17-41-57,25,draft.go:2026-04-06_17-41-44
2026-04-06_17-43-41,0,draft.go:2026-04-06_17-43-41
2026-04-06_17-44-06,75,draft.go:2026-04-06_17-44-06
2026-04-06_17-47-58,62,draft.go:2026-04-06_17-47-58
2026-04-06_17-49-38,62,draft.go:2026-04-06_17-47-58
2026-04-06_17-50-56,62,draft.go:2026-04-06_17-50-56
2026-04-06_17-51-44,62,draft.go:2026-04-06_17-51-44
2026-04-06_17-52-00,75,draft.go:2026-04-06_17-52-00
2026-04-06_17-52-07,0,draft.go:2026-04-06_17-52-07
2026-04-06_17-52-28,0,draft.go:2026-04-06_17-52-28
2026-04-06_17-52-29,0,draft.go:2026-04-06_17-52-28
2026-04-06_17-52-47,0,draft.go:2026-04-06_17-52-47
2026-04-06_17-53-16,0,draft.go:2026-04-06_17-53-16
2026-04-06_17-53-32,0,draft.go:2026-04-06_17-53-32
2026-04-06_17-54-02,62,draft.go:2026-04-06_17-54-02
2026-04-06_17-54-42,62,draft.go:2026-04-06_17-54-02
2026-04-06_17-55-16,---,draft.go:2026-04-06_17-54-02
2026-04-06_17-56-47,0,draft.go:2026-04-06_17-56-47
2026-04-06_17-56-49,---,draft.go:2026-04-06_17-56-47
2026-04-06_18-01-05,75,draft.go:2026-04-06_18-01-05
2026-04-06_18-01-39,75,draft.go:2026-04-06_18-01-39
2026-04-06_18-02-24,75,draft.go:2026-04-06_18-01-39
2026-04-06_18-03-21,75,draft.go:2026-04-06_18-01-39
2026-04-06_18-03-24,75,draft.go:2026-04-06_18-01-39
2026-04-06_18-03-24,75,draft.go:2026-04-06_18-01-39
2026-04-06_18-03-25,75,draft.go:2026-04-06_18-01-39
2026-04-06_18-03-26,75,draft.go:2026-04-06_18-01-39
2026-04-06_18-03-26,75,draft.go:2026-04-06_18-01-39
2026-04-06_18-03-26,75,draft.go:2026-04-06_18-01-39
2026-04-06_18-03-27,75,draft.go:2026-04-06_18-01-39
2026-04-06_18-03-27,75,draft.go:2026-04-06_18-01-39
2026-04-06_18-03-27,75,draft.go:2026-04-06_18-01-39
2026-04-06_18-03-28,75,draft.go:2026-04-06_18-01-39
2026-04-06_18-05-32,0,draft.go:2026-04-06_18-05-32
2026-04-06_18-06-24,100,draft.go:2026-04-06_18-06-24
