2026-07-10_18-32-07,0,draft.go:2026-07-10_18-32-07
2026-07-10_18-39-30,0,draft.go:2026-07-10_18-39-30
2026-07-10_18-39-44,0,draft.go:2026-07-10_18-39-44
2026-07-10_18-43-15,90,draft.go:2026-07-10_18-43-15
2026-07-10_18-45-37,0,draft.go:2026-07-10_18-45-37
2026-07-10_18-45-43,---,draft.go:2026-07-10_18-45-43
2026-07-10_18-46-07,100,draft.go:2026-07-10_18-46-07
2026-07-10_18-46-18,100,draft.go:2026-07-10_18-46-07
2026-07-10_18-46-19,100,draft.go:2026-07-10_18-46-07
2026-07-10_18-46-20,100,draft.go:2026-07-10_18-46-20
2026-07-10_18-46-20,100,draft.go:2026-07-10_18-46-20
2026-07-10_18-46-21,100,draft.go:2026-07-10_18-46-21
2026-07-10_18-46-27,100,draft.go:2026-07-10_18-46-21
2026-07-10_18-46-52,100,draft.go:2026-07-10_18-46-52
2026-07-10_18-46-52,100,draft.go:2026-07-10_18-46-52
2026-07-10_18-46-53,100,draft.go:2026-07-10_18-46-53
2026-07-10_18-46-54,100,draft.go:2026-07-10_18-46-53
2026-07-10_18-46-55,100,draft.go:2026-07-10_18-46-53
2026-07-10_18-46-55,100,draft.go:2026-07-10_18-46-53
