2026-03-16_17-32-57,0,draft.go:2026-03-16_17-32-57
2026-03-16_17-36-31,0,draft.go:2026-03-16_17-36-31
2026-03-16_17-42-30,0,draft.go:2026-03-16_17-42-30
2026-03-16_17-42-36,---,draft.go:2026-03-16_17-42-30
2026-03-17_17-34-35,0,draft.go:2026-03-17_17-34-35
2026-03-17_17-56-37,0,draft.go:2026-03-17_17-56-37
2026-03-17_17-57-21,0,draft.go:2026-03-17_17-57-21
2026-03-17_17-57-59,0,draft.go:2026-03-17_17-57-59
2026-03-17_17-58-12,0,draft.go:2026-03-17_17-58-12
2026-03-17_17-58-52,0,draft.go:2026-03-17_17-58-52
2026-03-17_17-59-32,0,draft.go:2026-03-17_17-59-32
2026-03-17_17-59-40,0,draft.go:2026-03-17_17-59-32
2026-03-17_18-04-52,0,draft.go:2026-03-17_18-04-52
2026-03-17_18-05-21,0,draft.go:2026-03-17_18-05-21
2026-03-23_16-58-24,0,draft.go:2026-03-17_18-05-21
2026-03-23_17-03-48,0,draft.go:2026-03-23_17-03-48
2026-03-23_17-06-53,0,draft.go:2026-03-23_17-06-53
2026-03-23_17-10-13,0,draft.go:2026-03-23_17-10-13
2026-03-23_17-10-29,0,draft.go:2026-03-23_17-10-29
2026-03-23_17-10-52,0,draft.go:2026-03-23_17-10-52
2026-03-23_17-11-09,0,draft.go:2026-03-23_17-11-09
2026-03-23_17-11-20,0,draft.go:2026-03-23_17-11-20
2026-03-23_17-11-32,0,draft.go:2026-03-23_17-11-32
2026-03-23_17-12-21,0,draft.go:2026-03-23_17-12-21
2026-03-23_17-13-01,0,draft.go:2026-03-23_17-13-01
2026-03-23_17-13-13,0,draft.go:2026-03-23_17-13-13
2026-03-23_17-13-55,0,draft.go:2026-03-23_17-13-55
2026-03-23_17-14-26,0,draft.go:2026-03-23_17-14-26
2026-03-23_17-14-48,0,draft.go:2026-03-23_17-14-48
2026-03-23_17-15-18,0,draft.go:2026-03-23_17-15-18
2026-03-23_17-15-31,0,draft.go:2026-03-23_17-15-31
2026-03-23_17-16-00,0,draft.go:2026-03-23_17-16-00
2026-03-23_17-16-17,0,draft.go:2026-03-23_17-16-17
