2026-06-16_16-40-30,0,draft.go:2026-06-16_16-40-30
2026-06-16_16-47-52,0,draft.go:2026-06-16_16-47-52
2026-06-16_16-47-55,0,draft.go:2026-06-16_16-47-52
2026-06-16_16-49-38,0,draft.go:2026-06-16_16-49-38
2026-06-16_16-54-37,---,draft.go:2026-06-16_16-54-37
2026-06-16_16-54-51,0,draft.go:2026-06-16_16-54-37
2026-06-16_17-00-10,0,draft.go:2026-06-16_17-00-10
2026-06-16_17-01-55,100,draft.go:2026-06-16_17-01-55
2026-06-16_17-02-07,100,draft.go:2026-06-16_17-01-55
2026-06-16_17-03-09,100,draft.go:2026-06-16_17-01-55
