2026-03-24_16-21-33,0,draft.go:2026-03-24_16-21-33
2026-03-24_16-21-40,---,draft.go:2026-03-24_16-21-33
2026-03-24_16-22-48,---,draft.go:2026-03-24_16-21-33
2026-03-24_16-23-10,---,draft.go:2026-03-24_16-21-33
2026-03-24_16-27-10,0,draft.go:2026-03-24_16-27-10
2026-03-24_16-32-52,0,draft.go:2026-03-24_16-32-52
2026-03-24_16-33-06,0,draft.go:2026-03-24_16-33-06
2026-03-24_16-33-46,0,draft.go:2026-03-24_16-33-46
2026-03-24_16-35-33,0,draft.go:2026-03-24_16-35-33
2026-03-24_16-35-50,0,draft.go:2026-03-24_16-35-50
2026-03-24_16-36-27,0,draft.go:2026-03-24_16-36-27
2026-03-24_16-37-02,0,draft.go:2026-03-24_16-37-02
2026-03-24_16-37-32,0,draft.go:2026-03-24_16-37-02
2026-03-24_16-38-02,100,draft.go:2026-03-24_16-38-02
