2026-06-16_17-08-19,---,draft.go:2026-06-16_17-08-19
2026-06-16_17-08-28,0,draft.go:2026-06-16_17-08-19
2026-06-16_17-26-48,0,draft.go:2026-06-16_17-26-48
2026-06-16_17-27-10,0,draft.go:2026-06-16_17-27-10
2026-06-16_17-27-22,0,draft.go:2026-06-16_17-27-22
2026-06-16_17-27-53,0,draft.go:2026-06-16_17-27-22
2026-06-16_17-28-34,0,draft.go:2026-06-16_17-28-34
2026-06-16_17-28-54,0,draft.go:2026-06-16_17-28-54
2026-06-16_17-29-21,0,draft.go:2026-06-16_17-29-21
2026-06-16_17-29-41,0,draft.go:2026-06-16_17-29-41
2026-06-16_17-29-52,0,draft.go:2026-06-16_17-29-52
2026-06-16_17-30-36,0,draft.go:2026-06-16_17-30-36
2026-06-16_17-32-23,0,draft.go:2026-06-16_17-32-23
2026-06-16_17-33-25,0,draft.go:2026-06-16_17-33-25
2026-06-16_17-34-08,0,draft.go:2026-06-16_17-34-08
2026-06-16_17-34-16,0,draft.go:2026-06-16_17-34-16
2026-06-16_17-34-29,0,draft.go:2026-06-16_17-34-29
2026-06-16_17-35-10,0,draft.go:2026-06-16_17-35-10
2026-06-16_17-35-20,0,draft.go:2026-06-16_17-35-20
2026-06-16_17-35-53,0,draft.go:2026-06-16_17-35-53
2026-06-16_17-36-15,0,draft.go:2026-06-16_17-36-15
2026-06-16_17-36-52,0,draft.go:2026-06-16_17-36-52
2026-06-16_17-37-09,0,draft.go:2026-06-16_17-37-09
2026-06-16_17-38-04,0,draft.go:2026-06-16_17-37-09
2026-06-16_17-39-04,0,draft.go:2026-06-16_17-39-04
2026-06-16_17-39-35,0,draft.go:2026-06-16_17-39-35
2026-06-16_17-39-43,0,draft.go:2026-06-16_17-39-43
2026-06-16_17-40-09,0,draft.go:2026-06-16_17-40-09
2026-06-16_17-40-25,0,draft.go:2026-06-16_17-40-09
2026-06-19_04-41-37,0,draft.go:2026-06-16_17-40-09
2026-06-19_04-42-37,0,draft.go:2026-06-19_04-42-37
2026-06-19_04-42-46,0,draft.go:2026-06-19_04-42-46
2026-06-19_04-43-58,0,draft.go:2026-06-19_04-43-58
2026-06-19_04-44-29,0,draft.go:2026-06-19_04-44-29
2026-06-19_04-44-43,0,draft.go:2026-06-19_04-44-43
2026-06-19_04-44-55,0,draft.go:2026-06-19_04-44-55
2026-06-19_04-45-27,16,draft.go:2026-06-19_04-45-27
2026-06-19_04-46-01,0,draft.go:2026-06-19_04-46-01
2026-06-19_04-46-50,33,draft.go:2026-06-19_04-46-50
2026-06-19_04-48-10,33,draft.go:2026-06-19_04-46-50
2026-06-19_04-54-32,33,draft.go:2026-06-19_04-54-32
2026-06-19_04-55-40,33,draft.go:2026-06-19_04-55-40
2026-06-19_04-56-54,0,draft.go:2026-06-19_04-56-54
2026-06-19_04-57-26,0,draft.go:2026-06-19_04-57-26
2026-06-19_04-58-04,33,draft.go:2026-06-19_04-58-04
2026-06-19_04-59-57,0,draft.go:2026-06-19_04-59-57
2026-06-19_05-00-09,0,draft.go:2026-06-19_05-00-09
2026-06-19_05-00-23,33,draft.go:2026-06-19_05-00-23
2026-06-19_05-02-54,0,draft.go:2026-06-19_05-02-54
2026-06-19_05-02-56,0,draft.go:2026-06-19_05-02-54
2026-06-19_05-03-39,0,draft.go:2026-06-19_05-03-39
2026-06-19_05-04-00,33,draft.go:2026-06-19_05-04-00
2026-06-19_05-05-05,33,draft.go:2026-06-19_05-05-05
2026-06-19_05-05-18,66,draft.go:2026-06-19_05-05-18
2026-06-19_05-05-33,50,draft.go:2026-06-19_05-05-33
2026-06-19_05-06-16,0,draft.go:2026-06-19_05-06-16
2026-06-19_05-06-41,50,draft.go:2026-06-19_05-06-41
2026-06-19_05-07-10,0,draft.go:2026-06-19_05-07-10
2026-06-19_05-07-40,50,draft.go:2026-06-19_05-07-40
2026-06-19_05-08-55,33,draft.go:2026-06-19_05-08-55
2026-06-19_05-09-34,50,draft.go:2026-06-19_05-09-34
2026-06-19_05-11-57,33,draft.go:2026-06-19_05-11-57
2026-06-19_05-13-43,33,draft.go:2026-06-19_05-13-43
2026-06-19_05-13-58,33,draft.go:2026-06-19_05-13-43
2026-06-19_05-14-09,50,draft.go:2026-06-19_05-14-09
2026-06-19_05-14-38,66,draft.go:2026-06-19_05-14-38
2026-06-19_05-15-54,33,draft.go:2026-06-19_05-15-54
2026-06-19_05-16-38,66,draft.go:2026-06-19_05-16-38
2026-06-19_05-17-52,66,draft.go:2026-06-19_05-17-52
2026-06-19_05-19-30,66,draft.go:2026-06-19_05-19-30
2026-06-19_05-21-42,66,draft.go:2026-06-19_05-21-42
2026-06-19_05-23-00,33,draft.go:2026-06-19_05-23-00
2026-06-19_05-23-32,33,draft.go:2026-06-19_05-23-32
2026-06-19_05-23-46,66,draft.go:2026-06-19_05-23-46
