2026-04-07_16-40-34,0,draft.go:2026-04-07_16-40-34
2026-04-07_16-54-27,0,draft.go:2026-04-07_16-54-27
2026-04-07_16-55-12,0,draft.go:2026-04-07_16-55-12
2026-04-07_16-55-40,100,draft.go:2026-04-07_16-55-40
2026-04-07_16-55-52,100,draft.go:2026-04-07_16-55-40
2026-04-07_16-55-53,100,draft.go:2026-04-07_16-55-40
2026-04-07_16-55-54,100,draft.go:2026-04-07_16-55-40
2026-04-07_16-55-55,100,draft.go:2026-04-07_16-55-40
2026-04-07_16-56-13,100,draft.go:2026-04-07_16-55-40
2026-04-07_16-56-20,---,draft.go:2026-04-07_16-55-40
2026-04-07_17-29-57,100,draft.go:2026-04-07_16-55-40
